06/22/2022,Donald,OConnell,London,England
06/22/2022,Douglas,Grant,Chicago,United States
06/22/2022,Jennifer,Whalen,London,England
06/22/2022,Michael,Hartstein,Chicago,United States
06/22/2022,Pat,Fay,London,England
06/22/2022,Susan,Mavris,Los Angeles,United States
06/22/2022,Hermann,Baer,London,England
06/22/2022,Shelley,Higgins,London,England
06/22/2022,William,Gietz,Chicago,United States
06/22/2022,Steven,King,Los Angeles,United States
06/22/2022,Neena,Kochhar,Chicago,United States
06/22/2022,Lex,De Haan,London,England
06/22/2022,Alexander,Hunold,Chicago,United States
06/22/2022,Bruce,Ernst,Chicago,United States
06/22/2022,David,Austin,London,England
06/22/2022,Valli,Pataballa,Los Angeles,United States
06/22/2022,Diana,Lorentz,London,England
06/22/2022,Nancy,Greenberg,London,England
06/22/2022,Daniel,Faviet,Chicago,United States
06/22/2022,John,Chen,London,England